bee_gensp,meanIT,meantongueAgapostemon_sericeus,1.896,2.550374081Agapostemon_splendens,2.384285714,3.177920665Agapostemon_texanus,1.9175,2.578131375Agapostemon_virescens,2.085285714,2.794332176Andrena_alleghaniensis,2.048117826,2.109631518Andrena_andrenoides,1.55,1.614448871Andrena_arabis,1.9,1.962950383Andrena_asteris,2.7375,2.787185205Andrena_atlantica,2.008888889,2.070825696Andrena_banksi,1.650585788,1.714898587Andrena_barbara,1.938636364,2.001254704Andrena_barbilabris,1.425,1.489251805Andrena_bisalicis,2.078166667,2.139336126Andrena_braccata,2.93,2.975080907Andrena_bradleyi,1.819212304,1.882755455Andrena_brevipalpis,1.9,1.962950383Andrena_canadensis,1.925,1.98773905Andrena_carlini,2.527036524,2.581148097Andrena_carolina,1.764333333,1.828198208Andrena_ceanothi,2.375,2.431884444Andrena_cornelli,1.9,1.962950383Andrena_cressonii,1.815172249,1.878741353Andrena_distans,1.95,2.012514843Andrena_erigeniae,1.3,1.363614101Andrena_erythrogaster,2.116666667,2.177370011Andrena_fenningeri,1.936571429,1.999208293Andrena_fragilis,2.05,2.11149264Andrena_frigida,2.664285714,2.715585178Andrena_geranii,2.175,2.234944568Andrena_hilaris,2.5125,2.56689257Andrena_hirticincta,2.9125,2.958020381Andrena_imitatrix,1.81729693,1.88085243Andrena_integra,1.4875,1.551902957Andrena_krigiana,1.35,1.413924706Andrena_mandibularis,2.042857143,2.104429314Andrena_melanochroa,1.125,1.186894963Andrena_miranda,2.0375,2.099131172Andrena_miserabilis,1.698214286,1.762376348Andrena_morrisonella,1.597768513,1.662184275Andrena_nasonii,1.551748445,1.616197131Andrena_nida,1.95,2.012514843Andrena_nigrihirta,2.225,2.284244984Andrena_nubecula,1.8375,1.900921222Andrena_nuda,2.05,2.11149264Andrena_perplexa,2.397231455,2.453733737Andrena_persimulata,2.0875,2.14855903Andrena_placata,2.23125,2.2904044Andrena_platyparia,2.1875,2.247273882Andrena_pruni,2.367206794,2.424223271Andrena_robertsonii,1.718857143,1.782937244Andrena_rudbeckiae,2.689,2.739763247Andrena_rufosignata,2.566666667,2.61999557Andrena_rugosa,2.235714286,2.294803561Andrena_salictaria,1.625,1.689371238Andrena_sigmundi,2.7375,2.787185205Andrena_simplex,2.3375,2.39501049Andrena_spiraeana,2.328571429,2.386227504Andrena_thaspii,2.5625,2.615912327Andrena_tridens,2.095857143,2.156815894Andrena_vicina,2.493269185,2.548028422Andrena_virginiana,2.233333333,2.292457385Andrena_wilkella,2.182970324,2.242806385Andrena_ziziae,1.3,1.363614101Andrena_forbesii,1.996232624,2.058299498Andrena_hippotes,1.880469253,1.943575664Anthidiellum_notatum,2.317142857,4.189829054Anthidiellum_oblongatum,2.503517013,4.512842032Anthidium_manicatum,3.480483559,6.191781321Anthidium_oblongatum,2.7,4.852335488Anthophora_terminalis,3.608333333,7.301195672Apis_mellifera,2.888352941,5.896629673Augochlora_pura,1.64183871,2.22124446Augochlorella_aurata,1.488846154,2.022157213Augochlorella_persimilis,1.27,1.735923804Augochlorella_unknown,1.246,1.704419158Augochloropsis_metallica,1.839,2.476723623Augochloropsis_sumptuosa,2.076363636,2.782853629Bombus_affinis,5.63375,11.19812399Bombus_ashtoni,4.690909091,9.392611067Bombus_auricomus,5.302083333,10.56448403Bombus_bimaculatus,4.348418605,8.733286243Bombus_borealis,5.525,10.99052895Bombus_citrinus,4.092533333,8.239334597Bombus_fervidus,3.792222222,7.658040011Bombus_griseocollis,4.992607843,9.971809194Bombus_impatiens,4.930735632,9.853144515Bombus_pensylvanicus,4.91474359,9.822463729Bombus_perplexus,4.127037736,8.306011073Bombus_ternarius,4.0640625,8.184300494Bombus_terricola,4.233928571,8.512426779Bombus_vagans,3.254064103,6.611631853Calliopsis_andreniformis,1.274333333,1.337758092Ceratina_calcarata,1.261979592,2.663114517Ceratina_calcarata/dupla,1.165111111,2.466563233Ceratina_calcarata_dupla_mikmaqi,1.433914286,3.010522431Ceratina_strenua,0.98225,2.093691835Ceratina_dupla,1.268836031,2.677003174Ceratina_mikmaqi,1.353354912,2.847966253Chelostoma_philadelphi,1.4475,2.667076274Coelioxys_hunteri,2.109,3.82785187Coelioxys_immaculata,2.795,5.016122642Coelioxys_modesta,2.386666667,4.310440985Coelioxys_octodentata,2.539142857,4.574474983Coelioxys_porterae,2.7,4.852335488Coelioxys_rufitarsis,2.5,4.506755681Coelioxys_sayi,2.5482,4.590138369Colletes_americanus,2.65,2.191868474Colletes_bradleyi,1.7,1.431295862Colletes_compactus,3.36,2.752860204Colletes_inaequalis,2.907005316,2.395556643Colletes_kincaidii,2.6,2.152151625Colletes_simulans,2.822222222,2.32844514Colletes_thoracicus,3.198791667,2.62594103Colletes_validus,2.880082198,2.374253783Colletes_latitaris,2.051585125,1.714369419Colletes_nudus,2.426296015,2.013930526Epeolus_pusillus,1.953125,4.050237039Epeolus_scutellaris,2.203125,4.546709181Eucera_hamata,3.33,6.759678918Habropoda_laboriosa,3.741271768,7.559239231Halictus_confusus,1.395346663,1.900088895Halictus_ligatus,1.82,2.452153309Halictus_ligatus_poeyi,1.700098312,2.296858078Halictus_parallelus,2.319555556,3.095050034Halictus_rubicundus,1.938777778,2.605589517Heriades_carinata,1.479,2.722770607Heriades_carinatus,1.342857143,2.481705411Heriades_leavitti,1.704,3.119266014Heriades_variolosa,1.275582791,2.362228538Holcopasites_calliopsidis,1.045,2.221934449Hoplitis_pilosifrons,1.714958333,3.138520982Hoplitis_producta,1.298696382,2.403305232Hoplitis_spoliata,1.79,3.270246701Hoplitis_truncata,1.621666667,2.974436713Hylaeus_affinis_modestus,1.216454545,1.037983623Hylaeus_annulatus,1.4375,1.218433947Hylaeus_mesillae,0.98,0.843481349Hylaeus_modestus,1.063,0.911948651Hylaeus_sparsus,0.958,0.825295239Lasioglossum_abanci,1.2375,1.693255464Lasioglossum_acuminatum,1.9225,2.58458477Lasioglossum_admirandum,1.176,1.612390072Lasioglossum_albipenne,1.225,1.676832688Lasioglossum_anomalum,1.0390625,1.431710107Lasioglossum_apopkense,1,1.38Lasioglossum_atwoodi,1.13,1.551795157Lasioglossum_black_sp._A_(2005_crops_data_set),1.1,1.512223784Lasioglossum_bruneri,1.454,1.976700703Lasioglossum_callidum,1.435666667,1.952767592Lasioglossum_cattellae,1.02,1.406485474Lasioglossum_coeruleum,1.35,1.8407699Lasioglossum_coerulum,1.34,1.827678036Lasioglossum_coreopsis,0.911375,1.262374791Lasioglossum_coriaceum,1.915,2.574904425Lasioglossum_creberrimum,1.028571429,1.417830011Lasioglossum_cressonii,1.2235,1.674861506Lasioglossum_divergens,1.3984375,1.904129254Lasioglossum_ephialtum,1.23122738,1.685015191Lasioglossum_floridanum,1.383,1.883945692Lasioglossum_foxii,1.433333333,1.949720685Lasioglossum_fuscipenne,1.806428571,2.434596808Lasioglossum_georgeickworti,1.215,1.663689644Lasioglossum_gotham,1.3,1.775271188Lasioglossum_heterognathum,1.015625,1.400693566Lasioglossum_illinoense,0.95,1.313692582Lasioglossum_imitatum,0.823666667,1.145514307Lasioglossum_laevissimum,1.45,1.971479968Lasioglossum_leucocomum,1.215788462,1.66472608Lasioglossum_leucozonium,1.884,2.534876171Lasioglossum_lineatulum,1.288839286,1.760637312Lasioglossum_macoupinense,1.193333333,1.635198151Lasioglossum_marinum,1.6171875,2.189218186Lasioglossum_mitchelli,0.979,1.352167429Lasioglossum_nelumbonis,1.484,2.015838017Lasioglossum_nigroviride,1.7375,2.345345922Lasioglossum_nymphale,0.92,1.273841521Lasioglossum_oblongum,1.231590909,1.685492801Lasioglossum_obscurum,1.306666667,1.78401009Lasioglossum_oceanicum,1.475,2.004100175Lasioglossum_oenotherae,1.445,1.964953239Lasioglossum_paradmirandum,0.911447831,1.262471636Lasioglossum_pectinatum,1.525,2.069274645Lasioglossum_pectorale,1.407923077,1.916526624Lasioglossum_pilosum,1.222478261,1.673518762Lasioglossum_platyparium,1.142857143,1.568741391Lasioglossum_quebecense,1.633333333,2.210196662Lasioglossum_rohweri,1.32625,1.809670336Lasioglossum_smilacinae,1.6015625,2.168908457Lasioglossum_sopinci,1.667142857,2.254099018Lasioglossum_subviridatum,1.198701299,1.642258897Lasioglossum_tegulare,0.926111111,1.281963492Lasioglossum_trigeminum,1.193833333,1.635855879Lasioglossum_truncatum,1.635,2.212361709Lasioglossum_versatum,1.27832,1.746839834Lasioglossum_vierecki,0.914882353,1.267038254Lasioglossum_weemsi,1.13125,1.553443045Lasioglossum_zephyrum,1.438,1.955814299Lasioglossum_birkmanni,1.067025919,1.46867958Lasioglossum_hitchensi,0.969757096,1.339909709Lasioglossum_pruinosum,1.19926131,1.642995434Lasioglossum_rozeni,1.052674008,1.449710319Lithurgus_chrysurus,3.339833333,5.951376278Megachile_addenda,3.4568,6.151328066Megachile_brevis,2.633272727,4.737155206Megachile_campanulae,2.28,4.125333463Megachile_centuncularis,3.505971513,6.235304316Megachile_exilis,2.343,4.234703458Megachile_frigida,3.786013833,6.71268882Megachile_gemula,3.225,5.754798699Megachile_inermis,4.166666667,7.359339099Megachile_inimica,2.943666667,5.271991379Megachile_latimanus,4.0625,7.182625873Megachile_melanophaea,3.895833333,6.899505432Megachile_mendica,2.838424242,5.090914714Megachile_petulans,3.415428571,6.080635985Megachile_pugnata,3.1970625,5.70693187Megachile_relativa,2.863428571,5.133960304Megachile_rotundata,2.5,4.506755681Megachile_sculpturalis,4.286,7.561564945Megachile_texana,3.340833333,5.953086929Megachile_xylocopoides,3.5241,6.266252647Megachile_frugalis,2.807206385,5.037151067Megachile_montivaga,2.738058337,4.917978158Melissodes_bimaculata,2.828714286,5.779697702Melissodes_denticulata,2.436333333,5.00779846Melissodes_desponsa,3.3875,6.871692786Melissodes_druriella,2.6,5.330329024Melissodes_subillata,2.634846154,5.398892191Melissodes_tridonis,2.841,5.803793982Melissodes_trinodis,2.72,5.566289004Melissodes_agilis,2.487796902,5.109306183Melissodes_illata,2.160389409,4.462008173Nomada_articulata,1.414659461,2.971703225Nomada_australis,1.36,2.861389344Nomada_bella,1.15,2.435844331Nomada_cressonii,1.74,3.624990575Nomada_denticulata,1.945,4.034060664Nomada_illinoensis,1.24625,2.631240638Nomada_imbricata,1.819178807,3.783205879Nomada_lepida,1.45,3.042936472Nomada_luteola,1.775,3.694962427Nomada_luteoloides,1.823958333,3.792747405Nomada_maculata,1.89,3.924487367Nomada_ovata,1.28,2.699610908Nomada_pygmaea,1.366004233,2.87351565Nomada_rodecki,2.166666667,4.474453729Nomada_sayi,1.025,2.181094659Nomada_valida,1.418,2.978439515Nomada_vegana,1.669,3.482873386Osmia_atriventris,1.922,3.501425212Osmia_cornifrons,2.686153846,4.828444612Osmia_distincta,2.158333333,3.913770756Osmia_georgica,1.905,3.471688792Osmia_inspergens,2.41,4.350888636Osmia_lignaria,2.82,5.059187212Osmia_pumila,1.83550632,3.350018886Osmia_sandhouseae,1.9,3.46294077Osmia_taurus,2.786080464,5.00075428Osmia_virga,2.547321429,4.588619069Osmia_felti,2.7491629,4.937124307Panurginus_atramontensis,1.454285714,1.518621743Panurginus_potentillae,1.04,1.100671879Peponapis_pruinosa,3.510055556,7.110187184Perdita_bradleyi,1.115,1.176764987Perdita_octomaculata,1.125,1.186894963Pseudopanurgus_andrenoides,1.484375,1.548772937Pseudopanurgus_rudbeckiae,1.502062519,1.56648541Ptilothrix_bombiformis,3.096,6.303017565Sphecodes_aroniae,1.471666667,1.9997521Sphecodes_atlantis,0.825,1.147294409Sphecodes_carolinus,1.1625,1.594616779Sphecodes_confertus,1.481428571,2.012484638Sphecodes_coronus,1.328125,1.812126369Sphecodes_davisii,1.55,2.101829662Sphecodes_dichrous,1.74775,2.358626777Sphecodes_fattigi,1.285714286,1.756538921Sphecodes_heraclei,1.616666667,2.188541322Sphecodes_johnsonii,1.32,1.801482553Sphecodes_mandibularis,1.04,1.432950183Sphecodes_pimpinellae,1.335,1.821130641Sphecodes_ranunculi,2.0375,2.732831149Stelis_labiata,1.59,2.918655562Stelis_lateralis,1.315124347,2.432482653Stelis_louisae,1.689767111,3.094249898Trachusa_dorsalis,3.649571429,6.480280426Triepeolus_pectoralis,2.0625,4.267738516Triepeolus_remigatus,2.36283501,4.862679708Triepeolus_unknown,2.341,4.819533025Xylocopa_virginica,6.082,12.05213985